"Column A","Column B"
z4d4qgT2XDadruCG1P5crxLOs8AjoDEP,mz66mxLLq4pebnCV0ei2sxt5iE1ZPQFtdWt3iVFD
ayAUPWkmSFTNUIXs,2PVsM
7Zpp94CkoHgDDqqAQgJOEMooQUoKB7HHC2WDj,dax5HmaaqZazQ5ldEdiIzKwxfzVM0ioIL
Fhc0WaI0cCiq9KOCgIKuC1my,c1JvxB7Mgjn
WiyYTKYiJ7gOinFCzuwN5JmHivHGJlrA1A,Fz2llh8NhY5tP4d6s7R8eOE9jjQdb4jDzAbj
9No,ypukXNuJrflEuCdFO6CBxFB6PVxPtPAqMn
n2d,3f5lUPa3gnhXjS59ExhQ
Fhc0WaI0cCiq9KOCgIKuC1my,3GHjBj1Z47uet3
8EK2X4w4bKe7V5PWMNaNIEEf,6MkSNnlN4GbnXv4B3zlbzYxfqXZuRHm2cV
oAqgTm5pr2qUnqD8xpTaEFWKGNORANkyAJ10p,BXYrINbUIVMft

